projects/id,projects/nom,projects/description,projects/commentaire,projects/etape
1, projet 1,description 1, ceci est un commentaire 1 de test,En attente
2, projet 2,description 2, ceci est un commentaire 2 de test,En cours
3, projet 3,description 3, ceci est un commentaire 3 de test,Terminé
4, projet 4,description 4, ceci est un commentaire 4 de test,En attente
5, projet 5,description 5, ceci est un commentaire 5 de test,En cours
6, projet 6,description 6, ceci est un commentaire 6 de test,Terminé
7, projet 7,description 7, ceci est un commentaire 7 de test,En attente
8, projet 8,description 8, ceci est un commentaire 8 de test,En cours
9, projet 9,description 9, ceci est un commentaire 9 de test,Terminé
10, projet 10,description 10, ceci est un commentaire 10 de test,En attente
11, projet 11,description 11, ceci est un commentaire 11 de test,En cours
12, projet 12,description 12, ceci est un commentaire 12 de test,Terminé
